date,location,Severity,weather,damage cost ($)
2018-05-26,city road,severe,clear,48285.47484176923
2021-03-06,highway,severe,rainy,6122.5742180643365
2012-08-16,city road,severe,clear,39559.1689338374
2010-09-01,country road,severe,snowy,3346.7976421950557
2020-01-19,country road,minor,rainy,29459.183449285163
2023-07-19,city road,moderate,rainy,31437.494632759513
2018-04-03,highway,severe,foggy,17392.666096469064
2016-12-27,city road,moderate,clear,43817.15922318717
2021-01-09,city road,minor,foggy,44111.48875755893
2020-07-15,country road,moderate,snowy,28480.004201690324
2010-03-22,highway,moderate,snowy,38278.327568563065
2025-09-29,country road,severe,clear,3388.745134351733
2025-05-24,highway,moderate,rainy,22553.18778596355
2015-09-14,city road,minor,rainy,21451.282212560447
2025-10-14,highway,minor,foggy,31459.869551222302
2018-02-13,country road,moderate,foggy,24838.657261335757
2023-06-19,city road,severe,clear,43186.66393646408
2025-12-16,city road,minor,snowy,43645.42924804073
2018-10-31,highway,minor,clear,16415.451012632708
2010-11-23,country road,minor,rainy,29625.530481588707
2020-07-27,highway,moderate,snowy,26892.371082310543
2017-05-07,city road,severe,snowy,10645.646315759914
2021-10-21,city road,minor,rainy,5029.513564760682
2023-02-06,highway,severe,rainy,49775.35798066254
2011-04-20,country road,severe,rainy,25626.528069373333
2019-02-17,country road,moderate,snowy,42469.56987099506
2021-07-29,country road,minor,rainy,43598.95121132184
2022-07-31,country road,severe,snowy,42992.48866373068
2019-07-28,city road,minor,foggy,19555.703820975086
2018-06-15,country road,moderate,foggy,15240.034218370678
2017-05-26,city road,minor,foggy,26458.95339773422
2022-06-06,highway,severe,rainy,29764.03036262456
2018-05-20,city road,severe,rainy,1361.7180782972105
2016-01-10,city road,minor,snowy,44593.97688486312
2021-02-10,city road,moderate,rainy,6456.022983506088
2013-07-20,highway,moderate,foggy,33026.67104876196
2021-06-09,country road,minor,snowy,11141.126082333973
2025-10-15,country road,minor,rainy,20423.43330242682
2019-04-04,city road,minor,clear,14471.156292637395
2021-04-19,highway,moderate,snowy,19468.231441894295
2020-05-24,highway,moderate,snowy,1055.842066476087
2022-11-29,country road,moderate,snowy,32786.01825153222
2023-01-25,city road,moderate,clear,13809.4687612646
2011-01-05,city road,moderate,rainy,27404.68072960848
2012-05-17,country road,minor,clear,43639.391645214986
2025-03-28,city road,moderate,snowy,17967.900267312656
2022-12-05,city road,moderate,snowy,49407.35304317815
2014-11-25,city road,severe,clear,49893.95280916657
2019-03-02,highway,moderate,foggy,49802.29588812328
2019-01-27,highway,minor,clear,46781.620996440884
2024-08-13,city road,severe,rainy,25969.447993780243
2016-09-28,country road,severe,foggy,21966.238103533815
2013-11-16,highway,minor,clear,39465.04542948167
2018-07-17,city road,severe,rainy,26899.542086291825
2024-02-27,highway,moderate,foggy,39618.44369990318
2025-04-13,city road,moderate,clear,36892.655167779856
2014-08-03,city road,moderate,clear,17417.274930167412
2021-08-18,country road,minor,clear,6481.667050582016
2010-12-10,highway,severe,rainy,7060.69277786485
2016-03-11,highway,moderate,snowy,33825.942206879816
2011-08-17,city road,minor,snowy,38742.308050997075
2012-07-18,city road,moderate,rainy,28873.375093224215
2019-11-07,country road,minor,clear,1732.3219070057512
2020-02-07,highway,moderate,foggy,13351.042909906542
2021-11-08,city road,minor,rainy,13399.614694624495
2018-07-11,country road,minor,snowy,37166.080274410655
2017-11-19,country road,moderate,rainy,15462.255626908283
2016-01-25,city road,moderate,rainy,21960.889334511226
2015-01-09,country road,severe,clear,18943.90940562916
2016-04-23,highway,moderate,rainy,4304.251191060707
2014-09-08,city road,minor,clear,16430.290766558595
2025-06-13,country road,minor,rainy,17928.17998334597
2014-08-05,country road,moderate,foggy,30051.378183318422
2025-05-18,highway,moderate,clear,2477.6885138543453
2024-06-01,highway,minor,rainy,15581.80124452516
2022-06-07,highway,minor,foggy,48570.939609920264
2019-11-29,city road,moderate,rainy,27721.978874935285
2024-05-25,country road,severe,rainy,34868.29115574712
2012-04-24,highway,moderate,clear,48441.283992694196
2021-11-01,city road,moderate,clear,32192.931939173788
2015-06-30,highway,minor,clear,22703.03706534342
2017-01-09,city road,moderate,clear,23497.29516998714
2010-06-21,country road,minor,rainy,32354.443358463544
2017-05-25,highway,severe,foggy,40475.8436395776
2024-03-04,city road,moderate,clear,17401.888161121493
2015-11-10,highway,moderate,rainy,4947.11553209292
2024-08-11,country road,severe,clear,21730.21618974583
2016-03-17,country road,severe,rainy,38357.42407069712
2022-05-09,country road,severe,foggy,43635.40328268008
2012-07-16,highway,minor,foggy,39993.014254459624
2017-10-02,country road,severe,foggy,10184.90425074507
2013-11-18,country road,minor,rainy,29049.99131818223
2018-11-21,city road,minor,foggy,43770.4725238777
2015-10-07,city road,minor,snowy,10641.289865737224
2024-12-26,country road,moderate,snowy,42360.089370161506
2013-07-30,highway,moderate,foggy,2651.4075844416866
2013-03-14,city road,severe,foggy,5022.95537384572
2018-06-11,city road,severe,rainy,16310.096503144274
2010-04-16,city road,minor,clear,5788.367963100239
2025-01-22,highway,severe,rainy,11423.095484000132
2023-12-07,city road,moderate,foggy,33707.96179363153
2016-09-01,country road,severe,clear,26047.806499276205
2011-05-07,highway,severe,snowy,36969.93482745012
2010-11-09,highway,moderate,clear,21579.806948112404
2013-04-04,country road,minor,snowy,25714.51464453965
2012-05-30,highway,moderate,foggy,12049.022999646086
2023-05-27,city road,moderate,snowy,26419.348701309995
2015-11-30,highway,severe,rainy,48771.686810818166
2015-10-03,city road,severe,foggy,34207.97016118124
2014-06-20,city road,minor,snowy,49683.021930959476
2019-01-13,country road,minor,foggy,42383.29474834237
2018-09-01,highway,moderate,snowy,25445.454940031697
2020-01-07,country road,minor,rainy,2837.8004726468116
2019-06-10,city road,severe,clear,26066.691562047927
2022-09-12,highway,minor,snowy,31130.458258993232
2010-01-21,country road,minor,snowy,46432.536151523855
2021-03-26,country road,minor,foggy,5392.962515824913
2021-06-19,country road,minor,rainy,37530.734126605756
2025-06-29,country road,severe,rainy,4105.168565967881
2017-12-22,highway,moderate,foggy,22208.95536934275
2015-09-29,country road,severe,clear,43428.05431751377
2012-03-15,city road,moderate,clear,26202.348645425525
2022-03-01,city road,moderate,rainy,17494.490794422687
2025-09-21,highway,minor,foggy,14400.717764726025
2020-09-05,country road,moderate,clear,39077.86767076121
2021-03-01,country road,moderate,clear,17247.98973999884
2011-01-28,city road,severe,rainy,35000.42443183453
2020-05-24,highway,moderate,rainy,37371.29871454603
2024-10-27,highway,moderate,foggy,40870.19036944095
2010-12-21,highway,moderate,clear,17427.723086802085
2013-12-05,country road,moderate,snowy,4863.791569275115
2021-05-25,highway,minor,rainy,29212.10914985186
2020-08-03,highway,moderate,snowy,17086.118309136582
2025-07-25,city road,moderate,snowy,10657.996757941666
2011-04-06,city road,minor,foggy,30301.044140047892
2023-10-14,city road,moderate,foggy,11201.384164636833
2020-10-29,city road,moderate,snowy,40545.51949081103
2013-02-22,highway,moderate,rainy,4672.6677677837415
2022-01-05,highway,severe,rainy,40095.18594554313
2017-06-25,country road,moderate,foggy,45080.67733517772
2011-08-03,city road,moderate,snowy,22064.49377243423
2018-11-02,highway,moderate,clear,9212.694078050929
2025-11-19,highway,severe,foggy,49034.6287922568
2015-05-28,city road,minor,snowy,20312.85866032454
2010-05-06,country road,severe,snowy,7228.560387677995
2022-07-19,highway,severe,rainy,45972.6369563688
2023-05-17,city road,severe,snowy,1323.9884702595841
2024-06-10,highway,severe,foggy,4912.228741016419
2012-06-09,highway,minor,clear,43570.853350661026
2010-05-30,city road,minor,snowy,36591.7554563304
2016-06-27,highway,severe,snowy,33281.329215069236
2018-10-04,country road,moderate,snowy,34664.93291081136
2024-08-18,country road,severe,snowy,2993.8187854590674
2022-04-14,country road,minor,snowy,4920.079965816292
2022-12-20,country road,moderate,clear,15321.944417227729
2024-02-02,country road,severe,clear,49050.29307136945
2012-02-27,highway,minor,snowy,3104.695711046854
2019-09-27,highway,minor,rainy,36710.07986987472
2017-02-19,highway,severe,foggy,43639.37913018462
2014-08-05,country road,severe,snowy,9797.507275286815
2011-06-28,highway,minor,snowy,29001.965020591182
2025-01-18,city road,severe,snowy,47855.06742733905
2018-11-20,highway,minor,clear,17882.141134198988
2024-08-06,country road,moderate,rainy,11521.93112562764
2024-07-24,highway,severe,foggy,4518.77008567383
2017-02-19,highway,moderate,foggy,33294.97219313493
2010-08-21,highway,moderate,foggy,26865.996356416137
2012-12-05,city road,moderate,clear,47821.21539629786
2018-11-15,highway,severe,foggy,4475.211425036268
2017-09-18,highway,moderate,rainy,19796.80338614428
2020-10-15,city road,minor,clear,6060.451264686465
2021-07-04,city road,severe,snowy,4487.956760208409
2017-07-24,country road,minor,rainy,16495.807813007727
2020-03-15,country road,moderate,snowy,29788.079810557232
2018-11-26,city road,minor,clear,45758.33308808069
2020-05-01,country road,minor,rainy,10664.659104062459
2025-07-17,country road,moderate,rainy,38669.25313294898
2016-11-30,city road,minor,clear,5398.972770939182
2023-07-21,highway,severe,rainy,35713.38744489652
2018-12-12,highway,severe,rainy,46917.78400357416
2018-09-01,city road,moderate,rainy,15750.235861940184
2019-02-15,country road,moderate,rainy,31759.38265810515
2025-05-15,highway,minor,clear,9335.059531291077
2019-08-25,country road,moderate,clear,26091.649739558914
2013-08-23,highway,severe,foggy,24225.80900560715
2013-12-14,city road,moderate,snowy,47530.34383380079
2019-12-23,highway,moderate,clear,14808.581588584064
2021-06-21,city road,moderate,snowy,11480.573783061096
2014-12-13,country road,severe,foggy,45397.68345754551
2014-03-21,city road,minor,clear,17106.4452108712
2011-12-03,highway,severe,foggy,19500.02949970012
2020-08-29,country road,minor,rainy,27981.03828727796
2010-05-31,highway,minor,clear,19655.360650621224
2018-12-08,country road,severe,clear,13486.81694681323
2025-06-01,country road,severe,snowy,39208.644842813235
2012-12-19,highway,moderate,clear,19553.609680485293
2016-10-16,city road,severe,snowy,33564.31377040794
2019-03-15,city road,minor,rainy,23070.718134116865
2014-03-05,country road,severe,rainy,19278.060199768926
2020-11-25,city road,moderate,foggy,37559.675045000804
2013-09-20,city road,minor,rainy,26760.929547760043
2025-04-27,highway,severe,foggy,42356.183914243025
2011-06-01,country road,minor,snowy,20772.451973611023
2017-12-20,highway,moderate,snowy,13666.900104371298
2020-09-19,highway,minor,snowy,14917.346629747639
2016-09-14,city road,moderate,clear,25887.921252423374
2010-02-03,highway,severe,rainy,38489.295912032525
2011-07-25,city road,moderate,foggy,26194.166517230686
2020-09-11,city road,minor,snowy,14652.078856859787
2014-04-24,country road,minor,clear,7030.209238733006
2011-02-28,highway,minor,rainy,28819.857899545736
2015-11-30,country road,minor,rainy,42999.23445853805
2025-06-02,highway,minor,foggy,13737.327789790417
2024-05-14,highway,severe,rainy,46741.74701850068
2022-11-05,highway,severe,rainy,47777.15445703789
2016-10-09,highway,severe,rainy,41588.56519185268
2021-10-02,highway,minor,rainy,16936.23619581302
2018-07-02,country road,minor,rainy,25603.43372331922
2021-10-20,highway,moderate,snowy,22738.875539083616
2013-04-23,country road,moderate,clear,46038.605803895836
2024-04-25,highway,moderate,snowy,42531.052760264894
2018-10-02,highway,minor,clear,49153.54689475711
2016-03-03,highway,minor,foggy,24419.27807632752
2024-11-22,highway,moderate,rainy,33572.78295264296
2013-06-18,highway,moderate,snowy,40472.00611319084
2011-12-31,country road,minor,clear,16965.408702531982
2011-03-18,country road,minor,clear,33862.473721326096
2012-02-03,highway,moderate,snowy,17420.91089759204
2017-02-12,highway,severe,snowy,3491.4697456851277
2023-03-06,highway,moderate,rainy,27359.125137498253
2017-05-20,city road,severe,clear,27384.22039638174
2021-08-10,highway,minor,clear,46051.21951818008
2015-06-12,highway,moderate,snowy,21189.59036779621
2014-01-24,city road,moderate,foggy,3670.164217564166
2021-12-18,highway,moderate,clear,18922.24479868487
2021-03-08,country road,moderate,snowy,43900.700550628266
2022-08-10,city road,severe,clear,2866.9365811936214
2014-05-28,country road,moderate,snowy,17536.245972239212
2017-02-13,country road,moderate,snowy,1295.641138248729
2018-09-23,highway,severe,clear,16873.33046721704
2019-07-15,country road,moderate,snowy,26737.51414723139
2013-09-20,city road,severe,clear,10597.63554412382
2022-10-05,country road,moderate,snowy,26214.665930821444
2011-03-23,city road,severe,snowy,25861.79066169229
2021-03-04,highway,minor,snowy,49475.20322012942
2019-03-12,city road,minor,rainy,3897.1017896606486
2016-07-29,city road,severe,snowy,15308.503112911974
2024-06-27,city road,moderate,clear,41719.85476415587
2013-04-13,city road,minor,foggy,11814.871929185721
2021-06-01,city road,minor,clear,45953.755372028914
2015-09-10,highway,minor,clear,10519.106332278257
2014-12-24,highway,moderate,clear,43851.907928576606
2019-04-03,city road,moderate,rainy,25276.917056567403
2024-04-03,country road,moderate,rainy,23470.006871142356
2014-03-03,city road,moderate,foggy,39877.64369272102
2014-03-05,city road,moderate,rainy,45004.70424492256
2016-06-30,city road,severe,rainy,9524.949939368948
2021-02-19,city road,severe,clear,37170.54478755705
2023-05-08,country road,moderate,rainy,42489.99388964825
2023-08-25,city road,moderate,foggy,30710.38030683222
2024-10-05,country road,moderate,foggy,25977.66723063961
2024-03-24,country road,severe,rainy,23962.401585504245
2024-07-05,highway,severe,snowy,34709.76846392384
2013-01-31,country road,minor,rainy,2733.7309867587696
2016-03-22,country road,moderate,clear,18551.278027865486
2012-01-22,country road,moderate,clear,32852.98091129074
2024-08-26,highway,moderate,foggy,18623.573618698854
2015-06-15,city road,minor,snowy,46429.68158240414
2023-08-08,highway,severe,clear,40456.798483419705
2018-06-03,city road,minor,clear,34942.70302098373
2015-01-19,city road,severe,clear,21051.515098714015
2023-03-05,country road,severe,rainy,20871.8543872386
2022-05-10,city road,severe,rainy,47799.865596021744
2022-03-31,highway,severe,snowy,19627.683082518157
2013-02-26,country road,moderate,foggy,24158.65954730907
2021-11-16,highway,severe,foggy,49273.10603508296
2015-12-26,city road,minor,clear,4687.995103953563
2013-10-16,country road,moderate,rainy,47316.67638730661
2020-08-23,country road,severe,foggy,4251.536079334549
2010-06-07,highway,severe,rainy,37087.89003120877
2024-08-17,highway,minor,rainy,27878.15890525492
2019-04-22,highway,minor,clear,46632.22631692559
2016-12-27,highway,minor,clear,10368.374668741699
2025-02-23,country road,severe,snowy,6340.5443293655335
2011-12-11,city road,severe,foggy,1385.3286334997636
2015-06-23,city road,minor,snowy,11674.605110868464
2014-05-05,country road,moderate,clear,20714.14126761722
2010-04-08,country road,moderate,rainy,16273.369864920429
2020-08-18,country road,minor,foggy,23185.097095413672
2019-06-13,highway,severe,clear,41458.13374372082
2019-03-18,highway,severe,foggy,30417.237458516473
2025-05-30,country road,minor,clear,38330.139743304266
2019-04-02,country road,moderate,rainy,14428.810404387525
2019-07-24,city road,moderate,rainy,38198.61183754341
2015-04-27,city road,minor,clear,6895.945737481521
2018-12-26,city road,moderate,rainy,7032.287553162166
2024-10-16,highway,moderate,clear,41113.76081606928
2011-10-23,highway,moderate,snowy,31898.225787558993
2024-05-03,highway,severe,clear,39811.424806130075
2014-12-14,country road,moderate,rainy,48552.37941959269
2020-11-16,highway,minor,rainy,43300.45994569845
2022-01-10,highway,moderate,clear,11088.595939676386
2010-06-16,country road,moderate,snowy,45131.18610591496
2024-10-20,city road,severe,clear,38906.37969155265
2019-05-23,highway,severe,snowy,12451.21897883118
2013-04-09,highway,severe,snowy,16950.82921807713
2011-11-24,highway,minor,clear,41642.640767546145
2023-03-23,highway,moderate,foggy,39847.90520402867
2020-05-26,country road,minor,snowy,22596.269907123034
2010-06-11,country road,moderate,foggy,35508.22700748769
2015-04-18,highway,minor,foggy,35272.78169630575
2014-09-25,country road,moderate,foggy,3861.8466665034407
2016-04-01,country road,moderate,rainy,31865.2366592402
2024-11-03,country road,minor,snowy,11331.315490055853
2016-07-19,highway,minor,foggy,17827.765990731612
2011-08-08,city road,severe,clear,5642.96913762306
2012-12-10,country road,moderate,foggy,17003.386593950097
2010-04-19,highway,moderate,snowy,27816.38973664155
2013-12-19,city road,minor,foggy,32446.76405966446
2019-11-09,country road,severe,foggy,32795.31250114899
2010-04-16,highway,minor,clear,11352.433654197155
2021-09-13,highway,moderate,foggy,33872.0738062704
2024-12-16,highway,minor,rainy,11920.813185687492
2014-07-01,city road,severe,snowy,36772.517954913346
2013-02-21,city road,minor,rainy,29539.294982823263
2018-01-26,city road,severe,snowy,27765.805137787924
2016-12-08,country road,minor,foggy,48600.39436766739
2012-11-13,country road,minor,clear,43072.89410639275
2021-09-27,country road,severe,rainy,33621.72171108339
2016-11-10,city road,moderate,clear,34125.85893850299
2022-01-22,highway,severe,clear,42361.37108776365
2017-05-24,city road,moderate,foggy,37196.08294487195
2025-02-09,highway,moderate,snowy,16341.126863368694
2015-12-22,country road,severe,rainy,31949.888765156513
2018-03-31,highway,moderate,foggy,46096.72957745194
2022-02-09,country road,minor,foggy,37291.069824578684
2011-12-28,country road,minor,clear,48884.33638850397
2012-04-28,highway,moderate,foggy,18884.941937724783
2025-03-08,city road,moderate,clear,33387.978948808624
2013-01-17,highway,moderate,rainy,42590.401726173426
2011-09-01,city road,minor,rainy,4225.3333159897065
2015-09-13,country road,severe,foggy,32526.030703892928
2012-03-26,country road,moderate,foggy,36876.40242088692
2014-09-07,highway,moderate,clear,25110.983238215977
2022-12-16,country road,severe,snowy,20610.04355261854
2012-12-16,country road,severe,rainy,40714.81847108975
2014-01-31,city road,minor,clear,2600.0864291394128
2016-03-29,country road,severe,rainy,42346.3381937267
2017-04-25,highway,moderate,foggy,35207.65758960552
2019-09-30,country road,minor,snowy,4669.851232708203
2023-09-09,highway,severe,rainy,11741.391729181702
2024-01-10,country road,severe,rainy,13623.342957809366
2020-02-14,country road,moderate,rainy,22666.3615127925
2021-12-04,country road,moderate,foggy,33215.60617810463
2010-12-08,country road,severe,snowy,13734.14394885902
2016-11-04,highway,minor,foggy,4774.64888558099
2022-01-26,highway,severe,rainy,11084.153965586363
2013-04-11,country road,severe,clear,19392.148885240087
2024-11-27,highway,moderate,clear,17344.976782046688
2013-01-27,highway,minor,snowy,15259.016551170229
2012-08-15,country road,severe,foggy,41874.841922385094
2023-12-19,country road,severe,rainy,29648.95967167198
2024-08-05,city road,severe,rainy,42280.23120320543
2021-06-21,highway,minor,snowy,16029.220250339064
2012-01-24,highway,severe,rainy,19851.45059029485
2016-02-17,country road,severe,clear,29860.021169776035
2022-06-27,highway,severe,snowy,43330.21983941395
2013-02-01,city road,moderate,foggy,49715.267715424474
2011-07-22,country road,minor,foggy,42648.32255414059
2022-08-11,highway,severe,foggy,38854.531961313274
2022-01-09,country road,severe,rainy,47867.203372997756
2011-06-18,city road,minor,clear,25001.51411952623
2022-04-15,city road,moderate,snowy,39198.367377144205
2015-11-13,country road,minor,rainy,31437.86316697152
2013-04-18,city road,severe,snowy,45755.322922244
2019-05-01,country road,minor,snowy,1004.8834313225526
2018-11-25,highway,severe,foggy,15372.390908276668
2024-11-03,highway,moderate,clear,8689.018551764524
2015-11-13,highway,minor,foggy,39874.063571314015
2023-10-18,country road,moderate,snowy,34655.204063981364
2011-08-18,city road,moderate,foggy,22551.15490598316
2019-08-03,highway,severe,snowy,4818.493488194702
2011-05-20,city road,minor,clear,35580.15173558507
2025-03-10,city road,minor,snowy,24900.621566402766
2021-09-12,city road,severe,clear,26444.111792597585
2021-06-09,highway,severe,snowy,29722.884796320985
2025-03-23,city road,minor,snowy,4809.693735863824
2023-08-10,city road,moderate,snowy,19588.536113228914
2020-02-24,city road,severe,foggy,21444.21838290383
2013-11-01,city road,moderate,clear,43438.97636652744
2023-06-06,city road,minor,clear,3013.3446626891046
2010-09-07,country road,moderate,rainy,35382.31968318717
2012-02-01,city road,severe,foggy,39292.61936881919
2017-10-18,country road,minor,foggy,6951.982448078514
2014-10-11,highway,moderate,foggy,40747.46165262193
2023-10-09,city road,minor,snowy,39971.49443791795
2022-12-12,country road,minor,rainy,17926.18632805331
2017-05-05,country road,minor,snowy,8079.169745926195
2015-01-03,country road,moderate,clear,14068.039768580651
2010-04-02,highway,minor,clear,32305.430493197025
2013-05-03,country road,moderate,clear,44936.2564228979
2012-04-14,highway,severe,clear,47604.66723698607
2012-02-09,country road,severe,clear,38981.078617138635
2010-12-09,city road,moderate,foggy,41876.22617027476
2013-11-06,city road,minor,clear,33387.4766259416
2025-03-06,city road,moderate,snowy,9087.157214059682
2015-12-11,city road,moderate,foggy,9344.485513012563
2022-05-05,highway,moderate,snowy,48295.87843047607
2011-02-13,highway,minor,foggy,36308.40218560771
2021-02-08,city road,minor,rainy,35492.12722666521
2024-09-13,country road,severe,snowy,43752.12376882223
2015-01-23,city road,minor,snowy,27344.659190465212
2011-02-14,city road,severe,snowy,6185.844880701435
2013-10-15,country road,minor,foggy,13650.300556960472
2021-09-21,highway,severe,clear,18024.182397199205
2015-09-18,highway,minor,rainy,39914.53259323369
2017-07-07,city road,severe,rainy,36863.73946988562
2012-02-27,city road,moderate,rainy,8114.113898048027
2015-09-21,city road,severe,clear,19662.92597506893
2025-09-11,country road,moderate,clear,23745.822386693104
2024-06-09,city road,moderate,foggy,40309.99717098404
2014-03-21,city road,moderate,rainy,5874.648556129363
2022-06-11,country road,moderate,foggy,43223.30291458163
2013-12-14,country road,moderate,snowy,41545.29031417609
2017-05-23,country road,severe,foggy,49165.048080979854
2016-07-21,city road,severe,foggy,27455.865807689654
2018-07-11,country road,severe,rainy,17865.485786440033
2015-05-20,highway,moderate,foggy,29896.42039261509
2011-03-25,city road,moderate,foggy,20507.043369104034
2014-04-16,country road,severe,snowy,10509.323428434443
2024-01-04,country road,moderate,rainy,35200.4004653569
2013-09-03,city road,severe,snowy,47379.68363744832
2023-12-09,highway,minor,clear,17016.252346927202
2023-11-21,city road,moderate,clear,36548.57465681252
2019-09-02,highway,severe,clear,41861.23499820373
2013-11-23,country road,severe,snowy,26426.258610224566
2025-09-24,country road,moderate,foggy,38134.81289710706
2024-11-05,highway,minor,clear,26699.701662339106
2015-05-30,country road,minor,foggy,37629.411938559635
2014-07-20,country road,moderate,snowy,14621.41679846102
2017-12-25,highway,moderate,rainy,5368.515129492391
2022-07-25,country road,minor,snowy,11888.935868273134
2010-02-22,country road,severe,snowy,45482.565326519645
2019-01-27,city road,severe,foggy,49201.43378807873
2014-10-31,city road,moderate,clear,7546.906199286963
2013-04-28,country road,moderate,foggy,38446.597672213975
2022-03-21,city road,severe,clear,25379.836609150218
2017-07-05,city road,moderate,snowy,16244.405601076061
2013-05-20,city road,moderate,foggy,1636.1125998265175
2019-10-19,country road,minor,clear,34921.96933216016
2016-10-03,city road,minor,snowy,8747.823063475334
2015-07-28,city road,severe,foggy,37567.74804782578
2020-07-12,highway,minor,snowy,15149.514584813463
2014-02-18,country road,moderate,foggy,46799.958331258
2019-12-18,highway,moderate,foggy,30386.475056305848
2019-07-07,country road,moderate,rainy,35220.94701316874
2011-03-07,country road,minor,rainy,8433.68833414276
2025-03-09,highway,minor,snowy,48788.2914419641
2025-12-11,highway,minor,clear,23139.434274838728
2019-11-12,highway,severe,rainy,33829.08343694923
2017-10-06,country road,moderate,foggy,6253.540297424317
2017-10-13,country road,minor,rainy,6908.725340109453
2011-07-28,country road,minor,foggy,23514.71081264753
2014-09-05,city road,severe,clear,37632.40848856353
2015-02-14,highway,moderate,clear,34038.38648189846
2024-06-10,country road,moderate,foggy,47382.0660988047
2015-07-21,city road,severe,snowy,6854.995394859112
2023-12-10,highway,moderate,clear,5270.1468144799865
2016-10-05,country road,minor,foggy,37498.586729431656
2020-03-14,highway,severe,rainy,7878.938091734322
2018-05-13,highway,severe,snowy,16079.786349330361
2015-12-30,highway,severe,foggy,49335.341978390745
2013-08-16,city road,severe,clear,36357.60621725861
2016-01-14,highway,minor,rainy,15007.009934195805
2010-03-14,city road,severe,rainy,12118.378792918933
2016-11-29,highway,severe,foggy,27054.399083949767
2014-05-11,highway,minor,foggy,14637.190672388795
2010-10-20,country road,moderate,foggy,14901.940731086017
2018-07-18,highway,minor,clear,1864.2367861559528
2010-08-29,country road,minor,snowy,31544.501032598146
2021-11-27,country road,moderate,snowy,32054.909387828753
2010-07-29,highway,severe,snowy,30911.072476391524
2015-09-25,highway,severe,rainy,13669.496401057997
2011-02-20,city road,severe,foggy,12504.058240496317
2023-12-12,highway,moderate,clear,43940.4943252511
2025-07-11,country road,minor,rainy,6967.246570998639
2021-04-24,highway,moderate,clear,24853.024948924238
2021-05-12,city road,moderate,foggy,15321.527206061151
2024-10-05,country road,moderate,snowy,47955.87503233095
2016-05-30,highway,severe,snowy,36733.77826880098
2016-07-19,country road,moderate,clear,47467.05974984637
2011-05-18,city road,severe,snowy,6358.343754559438
2021-05-02,city road,severe,rainy,15342.468377390214
2014-11-29,country road,minor,rainy,3056.2985146732217
2012-11-30,city road,moderate,snowy,30780.50785672346
2014-04-14,country road,severe,rainy,14722.719851891572
2017-04-22,country road,minor,snowy,13084.266005996638
2014-10-21,country road,moderate,rainy,26454.839277009163
2010-07-09,highway,moderate,foggy,1521.1301483024154
2017-09-05,country road,severe,rainy,29749.1525072296
2021-06-11,city road,minor,rainy,37018.468086817214
2025-03-20,highway,minor,clear,33188.1869573014
2018-06-15,highway,minor,clear,43473.6909615594
2020-11-27,city road,minor,snowy,49212.42827959399
2024-08-02,highway,severe,snowy,25334.62205946856
2023-02-20,highway,minor,foggy,25282.448176265
2017-09-25,city road,moderate,foggy,42475.5826705685
2010-04-30,country road,severe,rainy,24480.220642484317
2016-09-26,highway,moderate,rainy,40805.12294511995
2016-10-14,city road,minor,snowy,19384.83999695618
2015-03-15,highway,severe,foggy,44985.76365239871
2021-03-31,country road,minor,rainy,30107.850574620028
2024-07-06,city road,moderate,rainy,16372.137612802593
2021-07-25,highway,minor,rainy,29997.838719961546
2020-12-17,city road,moderate,foggy,1152.13619462606
2011-07-22,highway,minor,snowy,38389.37089525938
2020-07-18,country road,minor,rainy,12506.810808541533
2010-12-22,country road,minor,foggy,4946.790643605085
2018-10-25,highway,minor,rainy,17695.013488450404
2011-02-26,highway,minor,foggy,20550.355083385686
2017-05-25,city road,severe,clear,34482.747401266206
2019-09-21,highway,minor,foggy,48413.632094709596
2010-04-21,city road,moderate,rainy,38381.13721436877
2022-02-06,city road,severe,foggy,23838.98601203396
2023-09-06,city road,severe,foggy,35721.27633994853
2018-05-02,city road,moderate,foggy,45983.38993115915
2013-10-19,country road,minor,foggy,21772.27511096538
2024-07-13,country road,severe,rainy,23322.57137302878
2014-06-04,city road,moderate,snowy,10060.069201795244
2016-01-05,highway,minor,snowy,6926.383594572276
2017-01-10,country road,moderate,rainy,8932.783342470168
2021-10-05,country road,moderate,foggy,39060.86018782606
2011-04-28,highway,minor,snowy,6149.743252415538
2014-07-07,highway,moderate,foggy,26380.42515969864
2016-10-05,city road,severe,foggy,16533.637380654218
2010-07-16,country road,moderate,foggy,46525.81114621139
2014-11-20,highway,minor,snowy,34137.7799747057
2022-06-07,city road,minor,clear,30958.55045135527
2025-05-29,country road,minor,rainy,39270.40530948049
2010-01-10,country road,minor,snowy,17243.94616353929
2011-01-26,highway,minor,foggy,32728.785185050394
2017-08-28,highway,moderate,foggy,48604.88018916459
2019-04-27,city road,severe,snowy,21371.279579522783
2013-02-23,city road,severe,rainy,33827.505583294056
2012-06-01,city road,moderate,clear,42378.93332818862
2010-10-26,country road,severe,rainy,35345.9420590118
2018-11-06,highway,severe,foggy,40122.18388393455
2024-06-05,highway,severe,clear,41649.80938626827
2010-01-14,country road,minor,foggy,5472.595017904463
2015-07-26,country road,severe,rainy,14496.180792557743
2024-07-19,country road,minor,snowy,13743.447823651644
2012-10-18,city road,minor,snowy,1286.3608712890298
2013-01-02,highway,severe,rainy,47431.63434987113
2023-07-13,country road,minor,rainy,3679.6951342863513
2023-12-21,highway,minor,snowy,28029.24844721079
2023-12-08,country road,severe,rainy,7020.2101365553
2015-12-26,city road,moderate,rainy,15803.226077379235
2022-11-03,country road,severe,clear,47992.3944967515
2012-06-28,country road,moderate,snowy,33990.43549212673
2013-04-20,city road,severe,foggy,36264.892737588445
2021-09-05,highway,severe,clear,27313.133248629125
2015-04-20,country road,severe,clear,10923.549820479795
2019-04-13,country road,minor,foggy,43624.42700940386
2017-07-22,country road,minor,rainy,48878.55567588494
2011-05-26,highway,moderate,snowy,24056.63950040157
2016-05-01,country road,moderate,rainy,38576.18653460675
2016-11-13,city road,severe,foggy,33811.410221925944
2016-04-15,country road,minor,foggy,44294.114539357586
2015-02-18,highway,severe,clear,46546.705391724696
2024-03-18,country road,severe,clear,34392.770721096975
2018-07-17,country road,minor,clear,3795.0134970108256
2012-02-05,country road,minor,foggy,9478.706066859573
2012-11-19,country road,minor,snowy,17636.733920292336
2019-02-06,city road,severe,clear,17611.03331287922
2017-06-29,highway,moderate,snowy,10260.160565967964
2015-10-13,highway,severe,clear,10524.71234686386
2021-02-13,country road,moderate,clear,30799.310294775056
2014-02-22,country road,minor,snowy,41065.30279833546
2021-03-17,country road,severe,clear,23864.615485814476
2010-01-10,highway,severe,snowy,47544.891066841104
2011-08-16,country road,moderate,clear,17523.475435325385
2014-09-09,highway,moderate,rainy,10384.459553662467
2024-05-13,country road,severe,clear,7626.336777399201
2021-07-13,country road,moderate,clear,2858.3952825113374
2015-08-08,highway,moderate,foggy,45369.721309539476
2019-05-11,country road,minor,rainy,40422.506046464914
2012-09-01,highway,moderate,rainy,1784.939992386968
2017-01-30,city road,minor,snowy,21569.17225764517
2021-01-16,highway,minor,clear,39839.92661838085
2010-07-16,city road,minor,foggy,2214.876565272225
2015-10-02,city road,severe,rainy,30833.785122447352
2023-01-22,city road,moderate,rainy,45966.63927728671
2023-08-10,highway,severe,foggy,45038.69865020114
2017-04-12,highway,moderate,clear,10492.69634884758
2013-10-20,city road,severe,snowy,23075.733101782873
2012-11-18,highway,moderate,foggy,41964.13935131349
2024-09-16,highway,minor,foggy,14495.698768268065
2013-05-01,country road,severe,rainy,25490.562209927677
2023-10-14,country road,moderate,rainy,23242.227321324255
2020-12-09,city road,severe,clear,19819.97586215856
2013-08-09,city road,severe,snowy,15890.52967971836
2025-09-04,country road,minor,foggy,42329.339080836326
2014-04-11,highway,severe,rainy,11314.360995324827
2021-05-15,city road,severe,foggy,10471.497648458488
2017-12-10,country road,minor,clear,45563.09068112348
2013-10-31,city road,minor,clear,5889.497172429256
2019-02-16,country road,severe,rainy,21674.08632769103
2015-07-10,country road,minor,snowy,12013.996710864396
2024-02-14,city road,severe,snowy,34666.713231045156
2020-09-25,highway,severe,foggy,9177.56929959293
2013-11-23,highway,severe,snowy,49039.01916825069
2019-02-23,highway,severe,clear,7605.132037803097
2022-04-10,highway,moderate,rainy,49318.403957170274
2011-11-10,country road,moderate,clear,23412.11972929601
2023-10-18,country road,severe,rainy,47123.27989795011
2022-02-02,city road,minor,snowy,41818.402495721755
2020-10-20,city road,minor,foggy,46847.232367102304
2017-11-23,highway,moderate,rainy,7757.384616829436
2023-10-04,city road,severe,snowy,37134.894011213146
2012-01-30,city road,severe,foggy,47594.74738223164
2012-11-05,city road,severe,foggy,3020.244056284178
2010-08-03,highway,moderate,foggy,45559.95228939828
2012-05-02,country road,severe,foggy,48286.423359851295
2016-02-13,highway,moderate,clear,36008.846986397366
2012-12-08,country road,severe,clear,24284.382776854574
2016-01-13,highway,minor,clear,48651.03332278337
2021-04-27,city road,minor,snowy,12642.019937268607
2018-03-20,city road,severe,foggy,17367.713600591414
2022-09-04,country road,minor,foggy,11236.307916570227
2016-11-20,highway,moderate,foggy,5919.96160301662
2012-03-01,country road,severe,rainy,18485.61836112577
2022-10-30,country road,minor,clear,5203.26601999271
2025-03-15,country road,minor,clear,23917.271818913378
2023-02-28,highway,moderate,clear,4141.067146627236
2013-01-20,country road,severe,rainy,45324.548576035064
2017-11-23,city road,moderate,rainy,34949.999229102534
2024-06-07,city road,moderate,clear,1027.2110643918627
2019-07-28,highway,minor,snowy,46530.12583623555
2021-01-31,country road,severe,rainy,44405.82486141758
2011-01-15,highway,severe,snowy,19324.31188388308
2019-08-13,highway,severe,snowy,14958.106685298397
2018-09-04,country road,minor,snowy,22357.592860393743
2020-06-27,city road,severe,snowy,35664.949742068
2015-08-25,highway,minor,foggy,11882.919533152306
2014-12-22,country road,severe,clear,6295.336580627513
2021-12-23,highway,moderate,rainy,14896.262031407714
2012-04-14,city road,moderate,rainy,25274.864863938306
2023-05-13,city road,minor,clear,32060.248776306486
2011-05-21,country road,minor,clear,31191.792805535428
2016-09-18,highway,severe,foggy,49371.76247221754
2012-07-04,city road,severe,foggy,7357.784441676403
2010-01-30,highway,moderate,snowy,29478.932085759177
2024-03-17,highway,minor,rainy,36107.00490001566
2015-04-15,country road,moderate,rainy,30879.9953067448
2018-01-22,country road,moderate,rainy,34899.18269745156
2014-05-02,city road,moderate,snowy,45221.44858638525
2016-01-16,country road,moderate,rainy,45482.655200347755
2010-05-27,highway,minor,clear,16919.807112695322
2011-02-04,city road,minor,snowy,35346.44891299566
2010-10-13,highway,severe,foggy,16269.467101913302
2015-08-10,country road,severe,rainy,3945.8805772921537
2025-10-16,highway,minor,snowy,15356.85684424419
2024-09-14,city road,minor,foggy,37775.4022127876
2015-12-27,country road,severe,rainy,12019.47907400055
2022-11-03,country road,moderate,snowy,12686.251772310055
2023-04-19,city road,severe,clear,6547.059056078548
2015-09-30,highway,minor,rainy,8274.151498577517
2025-02-14,highway,severe,clear,21923.060262587693
2016-04-11,city road,moderate,clear,25834.941137174093
2014-10-19,country road,minor,clear,37894.17933192276
2014-05-13,country road,minor,snowy,47381.01464003721
2024-08-27,highway,minor,rainy,40089.909627345754
2010-02-10,country road,severe,rainy,15459.159699776717
2016-10-24,highway,minor,snowy,37364.472097067846
2019-05-29,country road,severe,snowy,14614.196768075511
2022-03-04,highway,severe,foggy,44944.61333120634
2010-03-05,country road,moderate,snowy,9145.085241024179
2016-03-21,city road,moderate,rainy,46506.057711513924
2016-04-12,highway,severe,snowy,11131.265107547542
2012-07-26,country road,severe,rainy,1231.692929801214
2021-04-22,city road,minor,foggy,25429.911589511714
2023-11-26,city road,severe,rainy,36753.87243186037
2021-03-12,city road,moderate,clear,1047.664291950156
2013-06-19,country road,minor,snowy,4442.564244085975
2012-12-05,highway,moderate,foggy,3943.053393598855
2023-12-25,city road,severe,clear,4134.6937699450045
2010-10-27,city road,minor,clear,29372.543576169264
2014-10-26,highway,minor,foggy,26483.46749271894
2016-03-29,country road,severe,rainy,1836.0916135295863
2016-03-09,city road,minor,foggy,30467.94963235642
2017-01-24,country road,moderate,clear,27668.924755081527
2010-05-03,city road,severe,foggy,36901.83729234777
2023-08-05,city road,severe,foggy,6534.299341306099
2013-08-15,country road,minor,rainy,1821.7027362366716
2013-08-10,city road,minor,rainy,13145.417570321484
2018-10-09,country road,minor,rainy,43810.05368228968
2022-05-12,city road,moderate,rainy,24520.754747212355
2023-01-12,city road,moderate,snowy,12636.851155199274
2019-07-24,city road,minor,foggy,4831.74779483556
2010-12-23,country road,moderate,rainy,16253.340577034196
2010-01-07,country road,moderate,clear,25378.33717391039
2020-11-16,city road,minor,rainy,20876.253381888597
2023-02-22,city road,moderate,snowy,2774.9677984793934
2010-11-09,country road,moderate,rainy,39897.89501885654
2024-02-27,country road,minor,clear,5480.061958978201
2020-10-23,country road,minor,snowy,46822.648190741675
2018-09-22,highway,severe,foggy,13100.551117200734
2015-02-08,city road,minor,clear,23003.759977487643
2011-11-06,city road,severe,foggy,47312.634715367174
2013-01-14,country road,severe,clear,32893.607221721286
2016-06-15,country road,minor,foggy,9365.304351395185
2012-07-31,country road,severe,foggy,33830.427951807345
2024-09-23,city road,minor,clear,22597.991654281483
2025-05-09,country road,severe,clear,28403.043603049
2024-03-31,highway,severe,snowy,32130.575734712478
2025-12-07,city road,moderate,rainy,43469.57875741852
2022-10-25,country road,minor,snowy,6271.370143330222
2020-12-21,highway,moderate,foggy,23787.453669830673
2019-06-25,country road,minor,snowy,41972.569822576224
2017-01-11,city road,moderate,foggy,16252.592341794478
2014-09-08,highway,moderate,clear,25554.38811467813
2019-10-24,country road,moderate,clear,13333.465816985425
2013-06-21,city road,moderate,clear,35432.6686538457
2010-12-26,country road,moderate,rainy,35956.90920951708
2024-12-18,country road,severe,rainy,23503.76708059037
2014-08-04,highway,moderate,snowy,35526.360286553616
2016-09-08,highway,minor,rainy,45763.97136093374
2012-12-21,city road,moderate,snowy,28549.71055803729
2013-05-29,highway,severe,rainy,9730.948558376083
2013-01-03,highway,minor,snowy,30094.232766288147
2010-05-23,city road,severe,rainy,30202.299046249085
2011-07-06,highway,minor,clear,23014.841599312607
2013-11-08,highway,severe,foggy,32914.67768198956
2010-10-11,highway,severe,clear,7129.743402425207
2017-09-01,country road,minor,foggy,9200.749248584169
2017-05-07,city road,minor,clear,8260.229387030347
2010-05-21,country road,moderate,clear,47235.00851011272
2018-02-04,highway,minor,foggy,18002.129640400773
2019-11-02,country road,moderate,snowy,2679.115124295882
2013-03-31,city road,minor,foggy,29376.3285562414
2010-05-22,city road,minor,rainy,26397.092352079988
2016-04-29,country road,minor,clear,11603.911732665058
2015-07-27,country road,minor,clear,12741.614644872478
2024-10-26,highway,moderate,foggy,8180.937136856508
2023-05-16,country road,minor,foggy,12892.371036728278
2021-04-16,country road,minor,foggy,40740.96039589227
2010-10-07,country road,moderate,snowy,20030.550904114847
2021-06-25,country road,severe,snowy,49030.453389650436
2018-04-15,city road,moderate,foggy,41904.69348832121
2025-04-17,city road,severe,clear,2191.2235942423267
2010-01-08,country road,moderate,clear,18918.69482333215
2012-04-25,country road,severe,foggy,37599.473488394484
2014-01-06,city road,minor,rainy,8512.663416595145
2025-05-31,country road,severe,snowy,28699.397534732863
2025-02-18,city road,severe,foggy,10446.732920309127
2022-10-01,country road,minor,snowy,34279.522658453694
2019-06-30,country road,minor,rainy,47883.44324947453
2024-07-02,highway,moderate,rainy,23372.313580623217
2023-12-14,country road,moderate,foggy,47855.767800332826
2012-06-23,highway,moderate,foggy,40484.170949780164
2012-03-08,highway,severe,foggy,13767.51183175504
2020-09-18,country road,severe,snowy,24515.4742408656
2025-02-16,city road,moderate,foggy,35614.07369486323
2011-05-02,highway,severe,clear,11458.354338557981
2012-12-17,country road,minor,rainy,39023.85906994066
2010-08-24,city road,moderate,clear,30637.36992960653
2014-11-11,country road,moderate,foggy,28415.92188225997
2010-07-19,highway,severe,snowy,34070.839504348885
2014-06-20,highway,severe,clear,36823.41430231283
2016-04-28,highway,minor,rainy,46345.60524511032
2022-08-13,country road,moderate,snowy,5176.832487013942
2014-08-16,country road,minor,snowy,35997.291694852094
2019-07-23,highway,minor,rainy,22941.988397799993
2012-02-05,city road,severe,snowy,33269.11628677735
2014-01-27,city road,minor,rainy,12356.627861418883
2011-02-03,city road,minor,snowy,36462.43667813466
2025-04-07,highway,severe,rainy,37454.61254120444
2018-06-15,country road,severe,foggy,25312.24697773673
2018-08-24,country road,minor,clear,18581.002793243613
2020-03-26,country road,severe,foggy,49238.32714301269
2010-09-09,country road,moderate,foggy,10163.440659732301
2018-05-02,country road,minor,rainy,18364.779376874103
2012-09-10,city road,minor,snowy,44541.48579236663
2014-01-13,country road,severe,clear,3407.69100553018
2015-07-10,city road,severe,foggy,44374.03191846604
2021-07-16,city road,minor,rainy,23379.45520867785
2021-10-08,country road,minor,rainy,46821.661916498735
2025-10-17,country road,minor,snowy,18168.71570031538
2023-02-03,highway,severe,snowy,23428.450173025736
2012-11-25,highway,moderate,clear,11371.297105634916
2021-10-09,city road,severe,clear,20167.766389990218
2015-07-04,highway,severe,clear,46136.80900214244
2014-11-15,highway,moderate,foggy,22970.309673977365
2010-07-07,city road,minor,rainy,12584.677844753645
2023-12-14,city road,minor,clear,26925.642849360862
2011-07-20,city road,severe,foggy,35241.58166877112
2016-04-30,highway,severe,snowy,4599.129516011805
2012-02-29,country road,severe,foggy,1329.2488280713178
2011-01-26,country road,severe,foggy,44646.94783377809
2021-09-26,highway,minor,snowy,37581.72505583941
2022-12-22,highway,severe,foggy,47420.968862326896
2018-06-10,highway,moderate,foggy,36888.75036225698
2012-08-08,city road,severe,clear,33545.79937980995
2020-07-25,city road,minor,snowy,20040.719891245968
2019-11-19,city road,minor,foggy,20623.48162309695
2012-12-22,city road,severe,snowy,2083.9679915102633
2022-12-21,city road,severe,rainy,48485.57323525732
2018-04-03,city road,minor,rainy,18526.97224463303
2014-10-24,highway,moderate,rainy,39107.033026024794
2017-05-22,country road,moderate,snowy,19533.84259693377
2012-03-30,country road,severe,rainy,24717.757230463656
2019-01-07,country road,severe,rainy,43661.94277572609
2025-03-29,highway,severe,clear,16112.065725738888
2022-07-11,highway,severe,rainy,13907.101896449023
2025-04-15,city road,severe,foggy,24204.775643937635
2017-06-20,country road,moderate,snowy,13800.391045667813
2018-11-23,country road,minor,rainy,1017.1692421087498
2012-01-25,city road,severe,rainy,20749.248071564103
2019-02-16,highway,moderate,foggy,39417.31445051826
2024-12-27,country road,moderate,foggy,29304.947880864675
2012-02-15,highway,moderate,clear,45898.54060886974
2015-03-13,highway,severe,clear,31956.547392349014
2023-11-13,city road,moderate,clear,24529.31051159988
2010-04-17,highway,moderate,foggy,46376.30372089019
2019-09-02,country road,minor,rainy,4288.540200137952
2017-08-02,city road,minor,snowy,16095.32231734512
2018-07-07,city road,moderate,clear,18379.123797026492
2025-03-31,city road,severe,foggy,41232.57109359502
2022-05-08,highway,moderate,foggy,24444.053580002295
2018-06-18,country road,minor,foggy,46400.64330127037
2019-02-11,city road,minor,foggy,30122.105283679295
2019-05-02,city road,moderate,foggy,26987.19692384008
2014-11-15,highway,minor,clear,29324.865517596154
2022-09-24,country road,moderate,snowy,27134.070561595312
2014-02-09,highway,severe,clear,29180.97475870922
2011-06-25,country road,severe,clear,49434.01835330439
2020-04-29,highway,minor,snowy,47223.86737578131
2020-06-07,city road,severe,rainy,21365.719504443838
2011-02-17,city road,moderate,foggy,31888.527511448294
2025-05-06,city road,severe,clear,23881.844251100025
2012-04-24,highway,minor,snowy,29325.66970681902
2024-08-28,highway,severe,rainy,41248.33880837155
2024-01-17,country road,minor,clear,24193.627798503807
2018-08-08,country road,severe,snowy,19469.291142794547
2018-03-30,country road,moderate,rainy,6458.247172192496
2020-11-09,city road,minor,foggy,13261.091773510583
2018-09-18,city road,minor,clear,23776.571736527367
2021-09-10,highway,minor,clear,46703.15795687862
2022-02-21,country road,minor,snowy,46087.45322892857
2015-05-27,city road,moderate,snowy,39038.144882636894
2011-08-12,city road,moderate,clear,44164.80788118438
2023-12-09,country road,moderate,snowy,46462.99364083346
2018-05-23,country road,severe,rainy,20461.19577919154
2025-09-02,country road,moderate,rainy,1820.4032455526487
2019-05-31,city road,moderate,snowy,16081.209187288905
2010-02-24,country road,minor,rainy,33360.843914100005
2015-04-03,highway,severe,snowy,19181.05248732204
2012-12-18,city road,minor,clear,9561.806266700883
2014-02-09,country road,moderate,clear,27788.693050238267
2019-11-19,country road,severe,clear,11751.513305901442
2020-10-08,highway,severe,rainy,27676.187526466703
2017-03-11,city road,severe,rainy,20832.304487921792
2018-06-03,highway,moderate,foggy,3350.127006293573
2022-03-30,country road,minor,clear,42694.43082512425
2015-10-26,city road,minor,rainy,33348.26214863083
2014-06-30,country road,moderate,foggy,42081.53019898455
2025-06-08,country road,minor,snowy,9632.032595031944
2021-02-14,highway,severe,clear,47523.652009265184
2018-03-29,country road,minor,rainy,23043.132873296916
2021-05-29,country road,severe,snowy,20017.76340797815
2019-12-09,city road,moderate,rainy,9222.90932532836
2019-11-24,highway,moderate,foggy,13562.856098447952
2016-01-04,city road,minor,clear,31034.429283572474
2011-05-22,highway,moderate,snowy,18228.07310941841
2021-07-12,country road,moderate,rainy,14139.206211888755
2020-11-03,country road,minor,foggy,10021.763853615525
2010-05-22,city road,minor,rainy,21922.06428068904
2011-03-24,highway,moderate,snowy,44007.97771174356
2019-12-15,country road,moderate,rainy,29852.319067896704
2016-09-03,country road,severe,foggy,9599.638090085175
2025-04-27,city road,severe,rainy,36245.41846801178
2013-01-11,country road,minor,clear,37327.851053922066
2014-08-14,city road,moderate,rainy,34371.21386858555
2010-11-20,city road,moderate,clear,43351.313237743576
2011-06-29,city road,minor,clear,20710.84276944497
2025-10-14,highway,severe,rainy,26272.272987345706
2017-11-03,city road,severe,snowy,31393.573594202862
2024-12-24,country road,severe,clear,38939.16350245688
2017-11-03,country road,minor,foggy,30178.75662242428
2010-05-31,highway,minor,foggy,26296.140444876968
2019-02-10,country road,severe,foggy,32647.4293986776
2012-01-16,highway,moderate,rainy,38650.182576724845
2020-03-30,city road,moderate,rainy,38168.83255671723
2018-11-02,city road,severe,foggy,25097.31767669773
2023-10-11,city road,severe,clear,27914.372644132905
2010-06-15,country road,minor,snowy,41488.74680294402
2021-02-21,highway,severe,foggy,9953.512608146044
2020-01-31,highway,minor,clear,43794.08154350349
2011-09-07,country road,severe,rainy,38818.39261972619
2014-06-19,highway,minor,foggy,14815.47317282226
2021-04-21,country road,minor,snowy,46054.17629385115
2022-09-19,city road,moderate,foggy,35143.45863732418
2017-03-11,country road,minor,snowy,38158.67006777344
2014-07-22,country road,moderate,rainy,15046.82216884179
2011-05-22,country road,moderate,snowy,37511.56659760417
2024-06-28,highway,severe,snowy,35208.335343775434
2014-11-09,highway,severe,snowy,22255.85721079249
2010-09-05,highway,severe,rainy,40432.03165853278
2025-01-18,city road,minor,foggy,17490.618589013102
2020-03-24,city road,minor,snowy,28597.66761377275
2016-06-01,highway,minor,clear,14909.032014249306
2019-05-05,highway,moderate,clear,30355.02172418062
2010-02-01,city road,minor,foggy,16260.13478874122
2011-01-08,highway,severe,clear,42142.28851652275
2011-10-27,city road,severe,snowy,43436.84525948956
2022-01-08,highway,moderate,snowy,36193.06072414822
2011-10-02,highway,minor,clear,25814.954390948067
2013-10-07,city road,minor,clear,18249.622025140266
2025-11-26,country road,minor,rainy,2462.2882507618115
2020-08-19,highway,moderate,clear,13434.307886611514
2017-01-22,city road,moderate,clear,30812.622561099113
2022-11-23,highway,moderate,clear,20199.141073757663
2011-09-24,highway,minor,foggy,17937.68030083558
2025-03-14,city road,severe,foggy,29686.70185081037
2012-03-24,country road,moderate,snowy,48183.90869710225
2022-11-06,city road,severe,rainy,37058.92602822392
2023-10-22,country road,severe,rainy,12690.24641876864
2018-03-21,city road,moderate,foggy,46755.86340990315
2025-09-28,country road,moderate,rainy,27965.997234587612
2015-03-14,country road,moderate,clear,6942.144019617355
2023-12-10,city road,moderate,rainy,6137.611688499966
2015-02-20,country road,severe,rainy,16933.74739498498
2025-09-06,highway,moderate,snowy,35720.4346014759
2023-12-27,highway,severe,snowy,21248.61160533062
2010-06-09,highway,moderate,foggy,32692.907089321077
2025-04-20,highway,moderate,snowy,31523.818153951197
2011-07-29,highway,minor,foggy,37590.64201305193
2020-07-04,country road,moderate,snowy,49759.88275808319
2022-05-20,city road,severe,snowy,15987.219296436662
2011-08-04,highway,moderate,snowy,32483.903546945003
2011-05-15,city road,severe,foggy,1692.9486718140543
2018-01-09,city road,severe,rainy,27686.722312070215
2012-05-18,country road,minor,rainy,9675.673788562108
2020-01-01,country road,severe,foggy,48423.495388186595
2021-11-24,country road,severe,foggy,20873.03086739176
2024-07-05,city road,moderate,snowy,5180.044703082765
2021-01-25,country road,severe,snowy,39262.34047011089
2020-08-19,city road,severe,clear,25209.390007703914
2012-06-13,highway,moderate,snowy,3624.8486074886114
2018-09-29,city road,severe,snowy,1477.602888662552
2023-03-24,highway,moderate,snowy,14357.843578309905
2012-03-17,highway,minor,rainy,23045.508072747034
2018-08-17,country road,minor,rainy,15343.308624957586
2014-04-24,highway,moderate,snowy,12053.49157088221
2016-10-22,city road,severe,foggy,20625.01842014238
2022-07-15,highway,severe,foggy,19129.753820261503
2018-12-25,highway,severe,snowy,20534.983212559087
2019-10-20,country road,minor,clear,34307.043369352396
2021-02-25,country road,moderate,rainy,19874.982668001907
2013-12-31,country road,severe,rainy,49581.34964403909
2012-10-17,highway,moderate,snowy,43699.544984296495
2010-09-24,highway,moderate,clear,27064.745738379534
2024-08-01,highway,severe,foggy,45685.154369023
2020-12-20,city road,severe,rainy,35170.90272581722
2023-05-10,city road,moderate,clear,21580.9009025269
2014-05-03,city road,minor,foggy,8417.106199482405
2016-01-29,highway,severe,clear,27105.128099346686
2023-01-28,highway,severe,foggy,28623.030368173364
2010-02-22,country road,moderate,clear,30783.307228220187
2025-09-11,country road,severe,foggy,31496.3438133647
2021-06-23,country road,severe,foggy,33485.74298619592
2023-09-26,city road,severe,clear,1104.320321556316
2015-01-06,highway,moderate,clear,20538.361178868705
2015-04-08,highway,severe,clear,22461.138544102898
2020-10-30,highway,moderate,snowy,2608.237128039756
2010-07-08,highway,severe,snowy,33774.84435868084
2014-12-13,city road,moderate,clear,15207.371085584977
2018-07-04,highway,moderate,foggy,47200.85394321573
2019-04-16,country road,minor,snowy,19032.952335924256
2017-12-29,highway,severe,foggy,18344.690728352347
2025-12-23,city road,moderate,snowy,32775.802805342
2018-11-26,country road,moderate,foggy,28516.853675489245
2010-08-03,highway,minor,clear,28411.610067633905
2024-11-28,city road,severe,clear,16758.25294703246
2013-06-12,highway,minor,rainy,7971.048207681019
2017-12-04,highway,severe,snowy,46140.83038643115
2013-02-25,country road,severe,clear,6031.516606629341
2025-12-23,city road,moderate,rainy,9181.846972494684
2013-07-01,city road,minor,rainy,40842.638164630465
2011-10-13,city road,minor,clear,47080.77108364488
2025-08-15,city road,minor,clear,20560.250352197323
2011-08-01,highway,minor,foggy,41493.92761583073
2011-03-17,city road,moderate,foggy,41517.01697968272
2025-02-20,highway,moderate,rainy,41284.01873487089
2016-08-25,country road,severe,rainy,28783.751636365625
2010-07-22,city road,severe,snowy,24811.986577966858
2013-11-20,highway,minor,snowy,7400.899253315254
2016-04-23,country road,severe,clear,5632.075823668938
2021-07-23,city road,moderate,snowy,36412.19183578779
2017-10-04,country road,minor,clear,32494.30098009837
